{"cameraMode":{"drawMode":0,"name":"Shaded","section":"Shading Mode"},"sceneLighting":false,"audioPlay":false,"sceneViewState":{"showFog":false,"showMaterialUpdate":false,"showSkybox":false,"showFlares":false,"showImageEffects":false,"showParticleSystems":false},"in2DMode":false,"pivot":{"x":374.41876220703127,"y":503.1331481933594,"z":326.143798828125},"rotation":{"x":0.046491142362356189,"y":-0.00899484008550644,"z":0.0004181982949376106,"w":0.9988803863525391},"size":1915.3575439453125,"orthographic":false}